PBid,PAsk,Type,Strike,dtExpiry,dtTrade,Spot,IVBid,IVAsk,IVMid,QuickDelta,iRate,dRate,ATMVol,Fwd
26.0,29.800000000000001,C,1290.0,2011-02-19,2011-01-24,1290.5899999999999,0.19787391748889485,0.22560314908144832,0.21173853328517159,0.48754166409265787,0.0068765959863369974,0.038437149012206372,0.21483641598892397,1287.6918203948867
23.300000000000001,27.0,C,1295.0,2011-02-19,2011-01-24,1290.5899999999999,0.19498775551604966,0.22206139006325487,0.20852457278965225,0.46068801007521576,0.0068765959863369974,0.038437149012206372,0.21483641598892397,1287.6918203948867
20.600000000000001,23.0,C,1300.0,2011-02-19,2011-01-24,1290.5899999999999,0.1909822584198399,0.20869850710239804,0.19984038276111898,0.43411481497014121,0.0068765959863369974,0.038437149012206372,0.21483641598892397,1287.6918203948867
18.600000000000001,21.5,C,1305.0,2011-02-19,2011-01-24,1290.5899999999999,0.19102724142114527,0.21271327148658822,0.20187025645386675,0.40793632795167389,0.0068765959863369974,0.038437149012206372,0.21483641598892397,1287.6918203948867
16.199999999999999,19.199999999999999,C,1310.0,2011-02-19,2011-01-24,1290.5899999999999,0.1869041331731818,0.20979312539401454,0.19834862928359817,0.38226028931480682,0.0068765959863369974,0.038437149012206372,0.21483641598892397,1287.6918203948867
14.0,17.0,C,1315.0,2011-02-19,2011-01-24,1290.5899999999999,0.18301826383292191,0.20653463087102575,0.19477644735197383,0.35718671619188819,0.0068765959863369974,0.038437149012206372,0.21483641598892397,1287.6918203948867
12.0,15.0,C,1320.0,2011-02-19,2011-01-24,1290.5899999999999,0.17935701765921286,0.20369333979496607,0.19152517872708946,0.33280687476747706,0.0068765959863369974,0.038437149012206372,0.21483641598892397,1287.6918203948867
10.300000000000001,12.0,C,1325.0,2011-02-19,2011-01-24,1290.5899999999999,0.17679241925807132,0.19128178936567089,0.18403710431187109,0.30920245240413691,0.0068765959863369974,0.038437149012206372,0.21483641598892397,1287.6918203948867
9.3000000000000007,11.199999999999999,C,1330.0,2011-02-19,2011-01-24,1290.5899999999999,0.17913450548218679,0.19595174041208258,0.18754312294713468,0.28644493711137087,0.0068765959863369974,0.038437149012206372,0.21483641598892397,1287.6918203948867
7.7999999999999998,9.6999999999999993,C,1335.0,2011-02-19,2011-01-24,1290.5899999999999,0.17577092585635087,0.19358553763489914,0.184678231745625,0.26459520596413399,0.0068765959863369974,0.038437149012206372,0.21483641598892397,1287.6918203948867
6.5,7.5,C,1340.0,2011-02-19,2011-01-24,1290.5899999999999,0.17280605825612488,0.18297912139072681,0.17789258982342585,0.24370331859595556,0.0068765959863369974,0.038437149012206372,0.21483641598892397,1287.6918203948867
5.2999999999999998,7.2000000000000002,C,1345.0,2011-02-19,2011-01-24,1290.5899999999999,0.16925984032326444,0.18978718320014018,0.17952351176170231,0.22380850691641091,0.0068765959863369974,0.038437149012206372,0.21483641598892397,1287.6918203948867
5.2999999999999998,5.5999999999999996,C,1350.0,2011-02-19,2011-01-24,1290.5899999999999,0.17836802176251096,0.18183536151778262,0.18010169164014678,0.20493934786253276,0.0068765959863369974,0.038437149012206372,0.21483641598892397,1287.6918203948867
12.0,14.9,P,1230.0,2011-02-19,2011-01-24,1290.5899999999999,0.24760526806356614,0.27449264229493947,0.26104895517925281,0.78797363374530693,0.0068765959863369974,0.038437149012206372,0.21483641598892397,1287.6918203948867
12.800000000000001,15.800000000000001,P,1235.0,2011-02-19,2011-01-24,1290.5899999999999,0.24280617321555559,0.26977723947174326,0.25629170634364939,0.76689470397906323,0.0068765959863369974,0.038437149012206372,0.21483641598892397,1287.6918203948867
13.800000000000001,16.800000000000001,P,1240.0,2011-02-19,2011-01-24,1290.5899999999999,0.23923745191399765,0.26539360005842411,0.25231552598621088,0.74479289785864078,0.0068765959863369974,0.038437149012206372,0.21483641598892397,1287.6918203948867
14.699999999999999,17.699999999999999,P,1245.0,2011-02-19,2011-01-24,1290.5899999999999,0.23419203534354718,0.25956270111451751,0.24687736822903233,0.72173748548199745,0.0068765959863369974,0.038437149012206372,0.21483641598892397,1287.6918203948867
17.0,18.5,P,1250.0,2011-02-19,2011-01-24,1290.5899999999999,0.24008974116132803,0.25240592756106628,0.24624783436119715,0.6978092601804492,0.0068765959863369974,0.038437149012206372,0.21483641598892397,1287.6918203948867
17.199999999999999,20.199999999999999,P,1255.0,2011-02-19,2011-01-24,1290.5899999999999,0.22786457554212905,0.25188723922975215,0.23987590738594061,0.67309960381800271,0.0068765959863369974,0.038437149012206372,0.21483641598892397,1287.6918203948867
18.5,21.5,P,1260.0,2011-02-19,2011-01-24,1290.5899999999999,0.22392839083955851,0.24744324177529631,0.23568581630742741,0.64770933371589723,0.0068765959863369974,0.038437149012206372,0.21483641598892397,1287.6918203948867
19.800000000000001,22.800000000000001,P,1265.0,2011-02-19,2011-01-24,1290.5899999999999,0.21927324129771159,0.24225529968759144,0.23076427049265152,0.62174735802507008,0.0068765959863369974,0.038437149012206372,0.21483641598892397,1287.6918203948867
21.100000000000001,24.800000000000001,P,1270.0,2011-02-19,2011-01-24,1290.5899999999999,0.21380219171094694,0.24168322847558529,0.22774271009326613,0.59532917178739708,0.0068765959863369974,0.038437149012206372,0.21483641598892397,1287.6918203948867
23.0,26.399999999999999,P,1275.0,2011-02-19,2011-01-24,1290.5899999999999,0.21197060018633271,0.23726900295965853,0.2246198015729956,0.56857523020382361,0.0068765959863369974,0.038437149012206372,0.21483641598892397,1287.6918203948867
24.399999999999999,28.199999999999999,P,1280.0,2011-02-19,2011-01-24,1290.5899999999999,0.20553880287108037,0.23349568186804384,0.2195172423695621,0.54160923862473009,0.0068765959863369974,0.038437149012206372,0.21483641598892397,1287.6918203948867
26.300000000000001,30.100000000000001,P,1285.0,2011-02-19,2011-01-24,1290.5899999999999,0.20180836042823402,0.22959372483012408,0.21570104262917905,0.51455640041405626,0.0068765959863369974,0.038437149012206372,0.21483641598892397,1287.6918203948867
34.899999999999999,38.700000000000003,C,1290.0,2011-03-16,2011-01-24,1290.5899999999999,0.19079461121258351,0.21061688183948152,0.20070574652603251,0.48572209416063894,0.0054353713022545769,0.028104815976944666,0.20254604693483808,1286.5085088981218
29.399999999999999,33.200000000000003,C,1300.0,2011-03-16,2011-01-24,1290.5899999999999,0.18548225228929066,0.20541723075873736,0.19544974152401401,0.44520321312145245,0.0054353713022545769,0.028104815976944666,0.20254604693483808,1286.5085088981218
24.199999999999999,27.899999999999999,C,1310.0,2011-03-16,2011-01-24,1290.5899999999999,0.17930597014501456,0.19908326896467066,0.18919461955484262,0.40555228966924983,0.0054353713022545769,0.028104815976944666,0.20254604693483808,1286.5085088981218
20.100000000000001,23.100000000000001,C,1320.0,2011-03-16,2011-01-24,1290.5899999999999,0.17648065070958036,0.1930495393689533,0.18476509503926683,0.36713802962649711,0.0054353713022545769,0.028104815976944666,0.20254604693483808,1286.5085088981218
18.100000000000001,21.100000000000001,C,1325.0,2011-03-16,2011-01-24,1290.5899999999999,0.17436648383962144,0.19130314372823173,0.18283481378392658,0.34849797338027966,0.0054353713022545769,0.028104815976944666,0.20254604693483808,1286.5085088981218
16.100000000000001,19.100000000000001,C,1330.0,2011-03-16,2011-01-24,1290.5899999999999,0.17153925732409656,0.18893767256227345,0.18023846494318502,0.33028491357317624,0.0054353713022545769,0.028104815976944666,0.20254604693483808,1286.5085088981218
12.699999999999999,15.699999999999999,C,1340.0,2011-03-16,2011-01-24,1290.5899999999999,0.16720891499539869,0.1857816353884201,0.17649527519190938,0.29526661209534155,0.0054353713022545769,0.028104815976944666,0.20254604693483808,1286.5085088981218
10.0,11.4,C,1350.0,2011-03-16,2011-01-24,1290.5899999999999,0.16437138533923679,0.1739080507464065,0.16913971804282163,0.26230192462044843,0.0054353713022545769,0.028104815976944666,0.20254604693483808,1286.5085088981218
7.7999999999999998,9.6999999999999993,C,1360.0,2011-03-16,2011-01-24,1290.5899999999999,0.16212944051587219,0.17631920134734547,0.16922432093160883,0.23155319176151745,0.0054353713022545769,0.028104815976944666,0.20254604693483808,1286.5085088981218
5.5999999999999996,7.4000000000000004,C,1370.0,2011-03-16,2011-01-24,1290.5899999999999,0.1565562143008907,0.17194735723292118,0.16425178576690594,0.20312699578092064,0.0054353713022545769,0.028104815976944666,0.20254604693483808,1286.5085088981218
16.0,19.0,P,1210.0,2011-03-16,2011-01-24,1290.5899999999999,0.23710775738431697,0.25725263356684658,0.24718019547558179,0.79097377362006216,0.0054353713022545769,0.028104815976944666,0.20254604693483808,1286.5085088981218
17.800000000000001,20.800000000000001,P,1220.0,2011-03-16,2011-01-24,1290.5899999999999,0.23106398061276623,0.25020198106865343,0.24063298084070983,0.75837847833084837,0.0054353713022545769,0.028104815976944666,0.20254604693483808,1286.5085088981218
18.899999999999999,21.800000000000001,P,1225.0,2011-03-16,2011-01-24,1290.5899999999999,0.22878190418398428,0.24688165693233705,0.23783178055816068,0.74120846351360758,0.0054353713022545769,0.028104815976944666,0.20254604693483808,1286.5085088981218
19.800000000000001,22.800000000000001,P,1230.0,2011-03-16,2011-01-24,1290.5899999999999,0.22493087268278325,0.24320099499105649,0.23406593383691987,0.72350142552589158,0.0054353713022545769,0.028104815976944666,0.20254604693483808,1286.5085088981218
22.0,25.699999999999999,P,1240.0,2011-03-16,2011-01-24,1290.5899999999999,0.21856663106968047,0.24015161967323082,0.22935912537145564,0.68663229085070276,0.0054353713022545769,0.028104815976944666,0.20254604693483808,1286.5085088981218
24.699999999999999,28.399999999999999,P,1250.0,2011-03-16,2011-01-24,1290.5899999999999,0.21354318483937867,0.2343321314323451,0.22393765813586189,0.6481155633510014,0.0054353713022545769,0.028104815976944666,0.20254604693483808,1286.5085088981218
27.399999999999999,31.199999999999999,P,1260.0,2011-03-16,2011-01-24,1290.5899999999999,0.20682732777454491,0.22755962851710304,0.21719347814582396,0.6083396260401398,0.0054353713022545769,0.028104815976944666,0.20254604693483808,1286.5085088981218
30.699999999999999,34.399999999999999,P,1270.0,2011-03-16,2011-01-24,1290.5899999999999,0.20157575456263399,0.22129641739087344,0.21143608597675373,0.56772392955385031,0.0054353713022545769,0.028104815976944666,0.20254604693483808,1286.5085088981218
32.5,36.399999999999999,P,1275.0,2011-03-16,2011-01-24,1290.5899999999999,0.19901666282390432,0.21959034137442562,0.20930350209916498,0.54723731348406313,0.0054353713022545769,0.028104815976944666,0.20254604693483808,1286.5085088981218
34.399999999999999,38.200000000000003,P,1280.0,2011-03-16,2011-01-24,1290.5899999999999,0.19647556859817031,0.2164063196939878,0.20644094414607905,0.52670500312433866,0.0054353713022545769,0.028104815976944666,0.20254604693483808,1286.5085088981218
38.5,42.200000000000003,C,1300.0,2011-04-21,2011-01-24,1290.5899999999999,0.18281587427681695,0.19768005181044021,0.19024796304362857,0.44948240756832875,0.0052897711792763667,0.025936344723005506,0.19658511667238857,1284.2543018757258
26.300000000000001,29.899999999999999,C,1325.0,2011-04-21,2011-01-24,1290.5899999999999,0.17211459503789414,0.18724627259526111,0.17968043381657761,0.37242520659258838,0.0052897711792763667,0.025936344723005506,0.19658511667238857,1284.2543018757258
17.100000000000001,20.100000000000001,C,1350.0,2011-04-21,2011-01-24,1290.5899999999999,0.16408418064420435,0.17810333185102573,0.17109375624761503,0.30146390366454756,0.0052897711792763667,0.025936344723005506,0.19658511667238857,1284.2543018757258
10.199999999999999,13.1,C,1375.0,2011-04-21,2011-01-24,1290.5899999999999,0.15592322724640248,0.17208440845540426,0.16400381785090337,0.23842472311244733,0.0052897711792763667,0.025936344723005506,0.19658511667238857,1284.2543018757258
22.600000000000001,26.199999999999999,P,1200.0,2011-04-21,2011-01-24,1290.5899999999999,0.22651249264200904,0.2442690000744499,0.23539074635822949,0.7602215087482771,0.0052897711792763667,0.025936344723005506,0.19658511667238857,1284.2543018757258
28.100000000000001,31.800000000000001,P,1225.0,2011-04-21,2011-01-24,1290.5899999999999,0.21510765021234893,0.23178081687961721,0.22344423354598308,0.68870321169267612,0.0052897711792763667,0.025936344723005506,0.19658511667238857,1284.2543018757258
34.899999999999999,38.700000000000003,P,1250.0,2011-04-21,2011-01-24,1290.5899999999999,0.20359243588640968,0.21956681934938743,0.21157962761789856,0.61090593560621642,0.0052897711792763667,0.025936344723005506,0.19658511667238857,1284.2543018757258
43.5,47.200000000000003,P,1275.0,2011-04-21,2011-01-24,1290.5899999999999,0.19283383603048565,0.20774203753968018,0.20028793678508292,0.53003291679651465,0.0052897711792763667,0.025936344723005506,0.19658511667238857,1284.2543018757258
44.799999999999997,46.899999999999999,C,1300.0,2011-05-18,2011-01-24,1290.5899999999999,0.18465050693685842,0.1920266375061567,0.18833857222150757,0.45136036445277639,0.0048180196799064478,0.024818774717333399,0.19780634386026955,1282.55305675057
32.600000000000001,36.299999999999997,C,1325.0,2011-05-18,2011-01-24,1290.5899999999999,0.17585070417858237,0.1892845854554322,0.18256764481700727,0.38417494775246341,0.0048180196799064478,0.024818774717333399,0.19780634386026955,1282.55305675057
22.600000000000001,26.399999999999999,C,1350.0,2011-05-18,2011-01-24,1290.5899999999999,0.16765921488771665,0.18255946451288035,0.17510933970029852,0.32145931751025503,0.0048180196799064478,0.024818774717333399,0.19780634386026955,1282.55305675057
17.899999999999999,20.899999999999999,C,1365.0,2011-05-18,2011-01-24,1290.5899999999999,0.16403658425839893,0.17667078309707379,0.17035368367773635,0.28652064323146909,0.0048180196799064478,0.024818774717333399,0.19780634386026955,1282.55305675057
14.9,17.899999999999999,C,1375.0,2011-05-18,2011-01-24,1290.5899999999999,0.16048037696683576,0.17389251876546521,0.1671864478661505,0.26447581319713709,0.0048180196799064478,0.024818774717333399,0.19780634386026955,1282.55305675057
9.5,11.0,C,1400.0,2011-05-18,2011-01-24,1290.5899999999999,0.15532894248448076,0.16349462359553957,0.15941178304001016,0.21400500845592207,0.0048180196799064478,0.024818774717333399,0.19780634386026955,1282.55305675057
23.800000000000001,27.600000000000001,P,1175.0,2011-05-18,2011-01-24,1290.5899999999999,0.23276320472244866,0.24996409381787704,0.24136364927016285,0.78590258692563719,0.0048180196799064478,0.024818774717333399,0.19780634386026955,1282.55305675057
26.800000000000001,30.600000000000001,P,1190.0,2011-05-18,2011-01-24,1290.5899999999999,0.22706849542272839,0.24337689365643053,0.23522269453957945,0.75096679452034421,0.0048180196799064478,0.024818774717333399,0.19780634386026955,1282.55305675057
28.800000000000001,32.100000000000001,P,1200.0,2011-05-18,2011-01-24,1290.5899999999999,0.2224707486544438,0.23619213940641531,0.22933144403042954,0.72635852945503254,0.0048180196799064478,0.024818774717333399,0.19780634386026955,1282.55305675057
35.299999999999997,39.0,P,1225.0,2011-05-18,2011-01-24,1290.5899999999999,0.21400114007030882,0.22822090958545316,0.22111102482788098,0.66104458802690913,0.0048180196799064478,0.024818774717333399,0.19780634386026955,1282.55305675057
42.5,46.299999999999997,P,1250.0,2011-05-18,2011-01-24,1290.5899999999999,0.2033482557581705,0.21718553821276798,0.21026689698546924,0.59194968343177989,0.0048180196799064478,0.024818774717333399,0.19780634386026955,1282.55305675057
51.700000000000003,55.399999999999999,P,1275.0,2011-05-18,2011-01-24,1290.5899999999999,0.19467189502687221,0.20770208045588492,0.20118698774137855,0.52130524914274134,0.0048180196799064478,0.024818774717333399,0.19780634386026955,1282.55305675057
63.5,67.200000000000003,C,1300.0,2011-08-17,2011-01-24,1290.5899999999999,0.1930305471756219,0.20275149079361537,0.19789101898461864,0.45484006315286707,0.0047392191286454773,0.022693106169816811,0.20405952973447139,1277.641484671015
50.700000000000003,54.399999999999999,C,1325.0,2011-08-17,2011-01-24,1290.5899999999999,0.18535931509226683,0.19523714701933223,0.19029823105579952,0.40594111467691801,0.0047392191286454773,0.022693106169816811,0.20405952973447139,1277.641484671015
39.700000000000003,43.5,C,1350.0,2011-08-17,2011-01-24,1290.5899999999999,0.17870538965244021,0.18924084944506145,0.18397311954875084,0.35933878405115888,0.0047392191286454773,0.022693106169816811,0.20405952973447139,1277.641484671015
30.300000000000001,34.100000000000001,C,1375.0,2011-08-17,2011-01-24,1290.5899999999999,0.17244975641172292,0.18366316488826054,0.17805646064999173,0.31553828215580093,0.0047392191286454773,0.022693106169816811,0.20405952973447139,1277.641484671015
22.399999999999999,26.100000000000001,C,1400.0,2011-08-17,2011-01-24,1290.5899999999999,0.16631237753861774,0.17826353107233997,0.17228795430547886,0.27490812870101361,0.0047392191286454773,0.022693106169816811,0.20405952973447139,1277.641484671015
16.199999999999999,19.199999999999999,C,1425.0,2011-08-17,2011-01-24,1290.5899999999999,0.1611872860985428,0.17213583961299109,0.16666156285576694,0.23768366776916772,0.0047392191286454773,0.022693106169816811,0.20405952973447139,1277.641484671015
11.0,14.1,C,1450.0,2011-08-17,2011-01-24,1290.5899999999999,0.15483617005648675,0.16806643689792694,0.16145130347720685,0.2039773423334349,0.0047392191286454773,0.022693106169816811,0.20405952973447139,1277.641484671015
31.600000000000001,35.299999999999997,P,1125.0,2011-08-17,2011-01-24,1290.5899999999999,0.2447511609912946,0.25781842894559087,0.25128479496844275,0.79728915682467028,0.0047392191286454773,0.022693106169816811,0.20405952973447139,1277.641484671015
36.700000000000003,40.5,P,1150.0,2011-08-17,2011-01-24,1290.5899999999999,0.23740879421628655,0.24987492310685216,0.24364185866156934,0.75435450072257315,0.0047392191286454773,0.022693106169816811,0.20405952973447139,1277.641484671015
42.600000000000001,46.200000000000003,P,1175.0,2011-08-17,2011-01-24,1290.5899999999999,0.23027704424976253,0.24134793005157062,0.23581248715066658,0.70802612778806218,0.0047392191286454773,0.022693106169816811,0.20405952973447139,1277.641484671015
49.100000000000001,52.799999999999997,P,1200.0,2011-08-17,2011-01-24,1290.5899999999999,0.22251698938325504,0.2332641641500024,0.22789057676662872,0.65908191101909908,0.0047392191286454773,0.022693106169816811,0.20405952973447139,1277.641484671015
56.299999999999997,60.100000000000001,P,1225.0,2011-08-17,2011-01-24,1290.5899999999999,0.21417914051100645,0.22474857215965535,0.21946385633533089,0.60839138498090151,0.0047392191286454773,0.022693106169816811,0.20405952973447139,1277.641484671015
64.900000000000006,68.700000000000003,P,1250.0,2011-08-17,2011-01-24,1290.5899999999999,0.2069512129117817,0.21715498392764368,0.2120530984197127,0.55686398354872346,0.0047392191286454773,0.022693106169816811,0.20405952973447139,1277.641484671015
74.599999999999994,78.400000000000006,P,1275.0,2011-08-17,2011-01-24,1290.5899999999999,0.19964193062027266,0.20965656901095109,0.20464924981561189,0.50539880761753386,0.0047392191286454773,0.022693106169816811,0.20405952973447139,1277.641484671015
89.099999999999994,96.799999999999997,C,1275.0,2011-11-17,2011-01-24,1290.5899999999999,0.19804273984328494,0.21498518918394055,0.20651396451361276,0.49601282412313707,0.0051616895499428288,0.022398388719939041,0.20766007651235119,1272.6152049071954
75.400000000000006,83.099999999999994,C,1300.0,2011-11-17,2011-01-24,1290.5899999999999,0.19194729362544441,0.20883789888876914,0.20039259625710676,0.4547548427564605,0.0051616895499428288,0.022398388719939041,0.20766007651235119,1272.6152049071954
62.799999999999997,70.400000000000006,C,1325.0,2011-11-17,2011-01-24,1290.5899999999999,0.18584803006030959,0.20268388127348894,0.19426595566689925,0.41474922845679446,0.0051616895499428288,0.022398388719939041,0.20766007651235119,1272.6152049071954
51.399999999999999,59.100000000000001,C,1350.0,2011-11-17,2011-01-24,1290.5899999999999,0.17983735007827342,0.19731302485596267,0.18857518746711804,0.37633076144990529,0.0051616895499428288,0.022398388719939041,0.20766007651235119,1272.6152049071954
41.200000000000003,48.799999999999997,C,1375.0,2011-11-17,2011-01-24,1290.5899999999999,0.17381051572112227,0.19177450713421329,0.18279251142766778,0.33977112728653752,0.0051616895499428288,0.022398388719939041,0.20766007651235119,1272.6152049071954
32.399999999999999,40.100000000000001,C,1400.0,2011-11-17,2011-01-24,1290.5899999999999,0.16819293872108332,0.18747510229144745,0.1778340205062654,0.30527842896497348,0.0051616895499428288,0.022398388719939041,0.20766007651235119,1272.6152049071954
24.5,32.399999999999999,C,1425.0,2011-11-17,2011-01-24,1290.5899999999999,0.16166521642729098,0.18307552308696409,0.17237036975712755,0.27299926414375647,0.0051616895499428288,0.022398388719939041,0.20766007651235119,1272.6152049071954
18.899999999999999,25.199999999999999,C,1450.0,2011-11-17,2011-01-24,1290.5899999999999,0.158352697358008,0.1771916542512573,0.16777217580463266,0.24302282076629578,0.0051616895499428288,0.022398388719939041,0.20766007651235119,1272.6152049071954
13.6,19.899999999999999,C,1475.0,2011-11-17,2011-01-24,1290.5899999999999,0.15262923108239285,0.17391651683022963,0.16327287395631124,0.21538643805559743,0.0051616895499428288,0.022398388719939041,0.20766007651235119,1272.6152049071954
37.100000000000001,44.799999999999997,P,1090.0,2011-11-17,2011-01-24,1290.5899999999999,0.24575783976484508,0.26871737730433476,0.25723760853458993,0.79585488719533815,0.0051616895499428288,0.022398388719939041,0.20766007651235119,1272.6152049071954
38.100000000000001,45.799999999999997,P,1095.0,2011-11-17,2011-01-24,1290.5899999999999,0.24455514157265032,0.26720791084975454,0.25588152621120241,0.78886055899450114,0.0051616895499428288,0.022398388719939041,0.20766007651235119,1272.6152049071954
39.100000000000001,46.799999999999997,P,1100.0,2011-11-17,2011-01-24,1290.5899999999999,0.24326766404192612,0.265642942878073,0.25445530345999956,0.78176055924489285,0.0051616895499428288,0.022398388719939041,0.20766007651235119,1272.6152049071954
44.5,52.200000000000003,P,1125.0,2011-11-17,2011-01-24,1290.5899999999999,0.23705757566357233,0.25810726859283906,0.24758242212820569,0.74478962187913211,0.0051616895499428288,0.022398388719939041,0.20766007651235119,1272.6152049071954
48.200000000000003,55.799999999999997,P,1140.0,2011-11-17,2011-01-24,1290.5899999999999,0.23375145152216031,0.25383658003548232,0.24379401577882132,0.72155719255251638,0.0051616895499428288,0.022398388719939041,0.20766007651235119,1272.6152049071954
50.600000000000001,58.100000000000001,P,1150.0,2011-11-17,2011-01-24,1290.5899999999999,0.23102291710127598,0.25043776868808237,0.24073034289467918,0.70569429641573811,0.0051616895499428288,0.022398388719939041,0.20766007651235119,1272.6152049071954
57.100000000000001,64.799999999999997,P,1175.0,2011-11-17,2011-01-24,1290.5899999999999,0.22427906886668555,0.24326371843962274,0.23377139365315414,0.66496049330527607,0.0051616895499428288,0.022398388719939041,0.20766007651235119,1272.6152049071954
58.5,66.200000000000003,P,1180.0,2011-11-17,2011-01-24,1290.5899999999999,0.22296311852771625,0.24177507054275296,0.2323690945352346,0.65666232528649693,0.0051616895499428288,0.022398388719939041,0.20766007651235119,1272.6152049071954
64.5,72.200000000000003,P,1200.0,2011-11-17,2011-01-24,1290.5899999999999,0.21793685341863372,0.23614985460959306,0.22704335401411341,0.6231054176024049,0.0051616895499428288,0.022398388719939041,0.20766007651235119,1272.6152049071954
72.700000000000003,80.400000000000006,P,1225.0,2011-11-17,2011-01-24,1290.5899999999999,0.21156051951020474,0.22917185933767276,0.22036618942393876,0.58065599395954015,0.0051616895499428288,0.022398388719939041,0.20766007651235119,1272.6152049071954
81.900000000000006,89.5,P,1250.0,2011-11-17,2011-01-24,1290.5899999999999,0.20544945915337187,0.2224066709717305,0.21392806506255119,0.53812884200754496,0.0051616895499428288,0.022398388719939041,0.20766007651235119,1272.6152049071954
110.7,118.2,C,1275.0,2012-05-16,2011-01-24,1290.5899999999999,0.2022719286960456,0.21542311031310465,0.20884751950457514,0.48593867764084969,0.0064306319171151226,0.022231985394736028,0.2116816816747964,1264.1578873557958
97.200000000000003,104.8,C,1300.0,2012-05-16,2011-01-24,1290.5899999999999,0.19699851968120208,0.21027854968420831,0.20363853468270521,0.45405871943154663,0.0064306319171151226,0.022231985394736028,0.2116816816747964,1264.1578873557958
84.700000000000003,92.299999999999997,C,1325.0,2012-05-16,2011-01-24,1290.5899999999999,0.19203046292443784,0.20536822343855907,0.19869934318149846,0.42306989394737682,0.0064306319171151226,0.022231985394736028,0.2116816816747964,1264.1578873557958
73.099999999999994,80.799999999999997,C,1350.0,2012-05-16,2011-01-24,1290.5899999999999,0.18713647641120354,0.20082392757204234,0.19398020199162294,0.39311517915796462,0.0064306319171151226,0.022231985394736028,0.2116816816747964,1264.1578873557958
62.299999999999997,69.900000000000006,C,1375.0,2012-05-16,2011-01-24,1290.5899999999999,0.18208653138150338,0.1959004355639242,0.18899348347271377,0.36431225595348971,0.0064306319171151226,0.022231985394736028,0.2116816816747964,1264.1578873557958
52.700000000000003,60.399999999999999,C,1400.0,2012-05-16,2011-01-24,1290.5899999999999,0.17757821242447921,0.19202548545986017,0.18480184894216969,0.3367542018676844,0.0064306319171151226,0.022231985394736028,0.2116816816747964,1264.1578873557958
43.899999999999999,51.600000000000001,C,1425.0,2012-05-16,2011-01-24,1290.5899999999999,0.17285969469078979,0.18793876192318407,0.18039922830698693,0.31051069410565685,0.0064306319171151226,0.022231985394736028,0.2116816816747964,1264.1578873557958
35.799999999999997,43.700000000000003,C,1450.0,2012-05-16,2011-01-24,1290.5899999999999,0.16767555534752276,0.18402416650215561,0.17584986092483917,0.28562960104933416,0.0064306319171151226,0.022231985394736028,0.2116816816747964,1264.1578873557958
28.899999999999999,36.799999999999997,C,1475.0,2012-05-16,2011-01-24,1290.5899999999999,0.16306550998400493,0.18054581859118071,0.17180566428759281,0.26213885002042248,0.0064306319171151226,0.022231985394736028,0.2116816816747964,1264.1578873557958
22.800000000000001,30.699999999999999,C,1500.0,2012-05-16,2011-01-24,1290.5899999999999,0.15821792781426641,0.17717622197202812,0.16769707489314728,0.24004847062337614,0.0064306319171151226,0.022231985394736028,0.2116816816747964,1264.1578873557958
14.1,20.399999999999999,C,1550.0,2012-05-16,2011-01-24,1290.5899999999999,0.15134201857403023,0.16983465321941102,0.16058833589672061,0.20003226007006808,0.0064306319171151226,0.022231985394736028,0.2116816816747964,1264.1578873557958
51.600000000000001,59.200000000000003,P,1050.0,2012-05-16,2011-01-24,1290.5899999999999,0.25238426588662427,0.27025779877749551,0.26132103233205989,0.77823317989390484,0.0064306319171151226,0.022231985394736028,0.2116816816747964,1264.1578873557958
57.0,64.599999999999994,P,1075.0,2012-05-16,2011-01-24,1290.5899999999999,0.24648320338511318,0.26346484100628736,0.25497402219570026,0.74828535481859004,0.0064306319171151226,0.022231985394736028,0.2116816816747964,1264.1578873557958
62.899999999999999,70.599999999999994,P,1100.0,2012-05-16,2011-01-24,1290.5899999999999,0.24067747283754096,0.25709574098293275,0.24888660691023684,0.71708408701182136,0.0064306319171151226,0.022231985394736028,0.2116816816747964,1264.1578873557958
69.5,77.099999999999994,P,1125.0,2012-05-16,2011-01-24,1290.5899999999999,0.23529566398001875,0.25081924010664886,0.24305745204333379,0.68489488454552028,0.0064306319171151226,0.022231985394736028,0.2116816816747964,1264.1578873557958
76.599999999999994,84.200000000000003,P,1150.0,2012-05-16,2011-01-24,1290.5899999999999,0.22982837968553968,0.24476506723713851,0.23729672346133909,0.65199052025940085,0.0064306319171151226,0.022231985394736028,0.2116816816747964,1264.1578873557958
84.200000000000003,91.799999999999997,P,1175.0,2012-05-16,2011-01-24,1290.5899999999999,0.22421391531639129,0.23865019653949612,0.23143205592794369,0.61864366317756814,0.0064306319171151226,0.022231985394736028,0.2116816816747964,1264.1578873557958
92.5,100.2,P,1200.0,2012-05-16,2011-01-24,1290.5899999999999,0.21875382448002234,0.23297047001480947,0.22586214724741591,0.58512028361265145,0.0064306319171151226,0.022231985394736028,0.2116816816747964,1264.1578873557958
101.59999999999999,109.2,P,1225.0,2012-05-16,2011-01-24,1290.5899999999999,0.21355046584815479,0.22726396417909545,0.22040721501362512,0.55167399643698334,0.0064306319171151226,0.022231985394736028,0.2116816816747964,1264.1578873557958
111.40000000000001,118.90000000000001,P,1250.0,2012-05-16,2011-01-24,1290.5899999999999,0.20834677185885653,0.22164035614512337,0.21499356400198993,0.51854143416242204,0.0064306319171151226,0.022231985394736028,0.2116816816747964,1264.1578873557958
130.30000000000001,137.90000000000001,C,1275.0,2012-11-22,2011-01-24,1290.5899999999999,0.20552992854970767,0.21694240559053604,0.21123616707012186,0.48282095116801438,0.0083810685649343356,0.021856792492500922,0.21466521195591926,1259.1502105762022
117.0,124.59999999999999,C,1300.0,2012-11-22,2011-01-24,1290.5899999999999,0.20086049702288983,0.21222078600065031,0.20654064151177007,0.45622830623380428,0.0083810685649343356,0.021856792492500922,0.21466521195591926,1259.1502105762022
92.700000000000003,100.40000000000001,C,1350.0,2012-11-22,2011-01-24,1290.5899999999999,0.19194521980763102,0.20354421837098952,0.19774471908931027,0.40520459095748468,0.0083810685649343356,0.021856792492500922,0.21466521195591926,1259.1502105762022
73.400000000000006,79.400000000000006,C,1400.0,2012-11-22,2011-01-24,1290.5899999999999,0.18641480187250789,0.19574187165769072,0.1910783367650993,0.35750750111357543,0.0083810685649343356,0.021856792492500922,0.21466521195591926,1259.1502105762022
53.399999999999999,61.100000000000001,C,1450.0,2012-11-22,2011-01-24,1290.5899999999999,0.17521538125466668,0.18795924110174184,0.18158731117820426,0.31349594799159852,0.0083810685649343356,0.021856792492500922,0.21466521195591926,1259.1502105762022
38.299999999999997,46.0,C,1500.0,2012-11-22,2011-01-24,1290.5899999999999,0.16704220229848812,0.18104087647432332,0.17404153938640571,0.27335275753723953,0.0083810685649343356,0.021856792492500922,0.21466521195591926,1259.1502105762022
26.100000000000001,34.0,C,1550.0,2012-11-22,2011-01-24,1290.5899999999999,0.15880383611371396,0.17516446516005896,0.16698415063688646,0.23711455809324877,0.0083810685649343356,0.021856792492500922,0.21466521195591926,1259.1502105762022
17.5,23.800000000000001,C,1600.0,2012-11-22,2011-01-24,1290.5899999999999,0.15264159286703105,0.16810963709082419,0.16037561497892761,0.20470261889946334,0.0083810685649343356,0.021856792492500922,0.21466521195591926,1259.1502105762022
61.200000000000003,67.400000000000006,P,1000.0,2012-11-22,2011-01-24,1290.5899999999999,0.26385399546296018,0.27675110874494646,0.27030255210395332,0.78625773744655447,0.0083810685649343356,0.021856792492500922,0.21466521195591926,1259.1502105762022
65.200000000000003,72.900000000000006,P,1025.0,2012-11-22,2011-01-24,1290.5899999999999,0.2554870586128542,0.27080375692179132,0.26314540776732276,0.76067489452992643,0.0083810685649343356,0.021856792492500922,0.21466521195591926,1259.1502105762022
74.0,78.700000000000003,P,1050.0,2012-11-22,2011-01-24,1290.5899999999999,0.25586852040203845,0.26479096012041814,0.26032974026122829,0.7341771988955248,0.0083810685649343356,0.021856792492500922,0.21466521195591926,1259.1502105762022
77.599999999999994,85.200000000000003,P,1075.0,2012-11-22,2011-01-24,1290.5899999999999,0.24555346498088784,0.25943012633972046,0.25249179566030416,0.70694073310600103,0.0083810685649343356,0.021856792492500922,0.21466521195591926,1259.1502105762022
83.900000000000006,91.0,P,1100.0,2012-11-22,2011-01-24,1290.5899999999999,0.23965399508484478,0.25215539035947848,0.24590469272216164,0.67914368498685562,0.0083810685649343356,0.021856792492500922,0.21466521195591926,1259.1502105762022
91.5,99.099999999999994,P,1125.0,2012-11-22,2011-01-24,1290.5899999999999,0.23528843750122633,0.24819913050570311,0.24174378400346472,0.65096273212790257,0.0083810685649343356,0.021856792492500922,0.21466521195591926,1259.1502105762022
99.200000000000003,106.8,P,1150.0,2012-11-22,2011-01-24,1290.5899999999999,0.23026061894096234,0.24279127639802311,0.23652594766949273,0.62256986935463632,0.0083810685649343356,0.021856792492500922,0.21466521195591926,1259.1502105762022
107.3,115.0,P,1175.0,2012-11-22,2011-01-24,1290.5899999999999,0.22508424920886294,0.23744573431471022,0.23126499176178658,0.5941297174672926,0.0083810685649343356,0.021856792492500922,0.21466521195591926,1259.1502105762022
116.09999999999999,123.8,P,1200.0,2012-11-22,2011-01-24,1290.5899999999999,0.22019699337070497,0.23227686693348162,0.22623693015209329,0.56579732638193692,0.0083810685649343356,0.021856792492500922,0.21466521195591926,1259.1502105762022
123.7,131.30000000000001,P,1220.0,2012-11-22,2011-01-24,1290.5899999999999,0.21654944246929492,0.2282805359958878,0.22241498923259134,0.54330602721676224,0.0083810685649343356,0.021856792492500922,0.21466521195591926,1259.1502105762022
125.59999999999999,133.19999999999999,P,1225.0,2012-11-22,2011-01-24,1290.5899999999999,0.21554483842885075,0.22724437753428745,0.2213946079815691,0.53771646514732774,0.0083810685649343356,0.021856792492500922,0.21466521195591926,1259.1502105762022
135.69999999999999,143.30000000000001,P,1250.0,2012-11-22,2011-01-24,1290.5899999999999,0.21091345862869823,0.22244000829624819,0.21667673346247321,0.5100183751753089,0.0083810685649343356,0.021856792492500922,0.21466521195591926,1259.1502105762022
162.5,170.40000000000001,C,1275.0,2013-11-21,2011-01-24,1290.5899999999999,0.21126264350740501,0.2210919899037522,0.2161773167055786,0.48306223880276822,0.013055879341205215,0.022895098932025126,0.21937671507341669,1255.1813895442199
149.69999999999999,157.59999999999999,C,1300.0,2013-11-21,2011-01-24,1290.5899999999999,0.20740299388309033,0.21716968481464735,0.21228633934886884,0.46211363499183866,0.013055879341205215,0.022895098932025126,0.21937671507341669,1255.1813895442199
137.5,145.40000000000001,C,1325.0,2013-11-21,2011-01-24,1290.5899999999999,0.20368658618603294,0.21342410554496283,0.2085553458654979,0.44166535103222243,0.013055879341205215,0.022895098932025126,0.21937671507341669,1255.1813895442199
125.90000000000001,133.59999999999999,C,1350.0,2013-11-21,2011-01-24,1290.5899999999999,0.20009734664125436,0.20959360366351298,0.20484547515238366,0.42174901319704922,0.013055879341205215,0.022895098932025126,0.21937671507341669,1255.1813895442199
114.90000000000001,122.59999999999999,C,1375.0,2013-11-21,2011-01-24,1290.5899999999999,0.19662258391976595,0.20615911159469555,0.20139084775723076,0.40239062785476987,0.013055879341205215,0.022895098932025126,0.21937671507341669,1255.1813895442199
104.40000000000001,112.09999999999999,C,1400.0,2013-11-21,2011-01-24,1290.5899999999999,0.19312780688455103,0.20274176695375304,0.19793478691915203,0.38361094821507413,0.013055879341205215,0.022895098932025126,0.21937671507341669,1255.1813895442199
94.5,102.2,C,1425.0,2013-11-21,2011-01-24,1290.5899999999999,0.18972876513309678,0.19945955712255684,0.19459416112782679,0.36542585650654658,0.013055879341205215,0.022895098932025126,0.21937671507341669,1255.1813895442199
85.299999999999997,93.0,C,1450.0,2013-11-21,2011-01-24,1290.5899999999999,0.18655025901201602,0.19643895645315082,0.19149460773258342,0.34784675325203823,0.013055879341205215,0.022895098932025126,0.21937671507341669,1255.1813895442199
76.5,84.200000000000003,C,1475.0,2013-11-21,2011-01-24,1290.5899999999999,0.18320468560148842,0.19329923146620401,0.18825195853384621,0.33088094667016693,0.013055879341205215,0.022895098932025126,0.21937671507341669,1255.1813895442199
68.200000000000003,75.799999999999997,C,1500.0,2013-11-21,2011-01-24,1290.5899999999999,0.17981170903998775,0.19003167923823328,0.18492169413911053,0.31453203647564354,0.013055879341205215,0.022895098932025126,0.21937671507341669,1255.1813895442199
60.700000000000003,68.299999999999997,C,1525.0,2013-11-21,2011-01-24,1290.5899999999999,0.17678482238177198,0.18731090375028339,0.18204786306602769,0.29880028747101495,0.013055879341205215,0.022895098932025126,0.21937671507341669,1255.1813895442199
53.799999999999997,61.5,C,1550.0,2013-11-21,2011-01-24,1290.5899999999999,0.17387518804604915,0.18490711611599039,0.17939115208101977,0.28368298931698077,0.013055879341205215,0.022895098932025126,0.21937671507341669,1255.1813895442199
41.299999999999997,49.0,C,1600.0,2013-11-21,2011-01-24,1290.5899999999999,0.16771368312604135,0.17971477135172617,0.17371422723888374,0.25526806919625866,0.013055879341205215,0.022895098932025126,0.21937671507341669,1255.1813895442199
30.699999999999999,38.600000000000001,C,1650.0,2013-11-21,2011-01-24,1290.5899999999999,0.16136359355947469,0.17505884586104872,0.16821121971026171,0.22921865862791463,0.013055879341205215,0.022895098932025126,0.21937671507341669,1255.1813895442199
22.399999999999999,30.300000000000001,C,1700.0,2013-11-21,2011-01-24,1290.5899999999999,0.15577274434325328,0.17130359981264481,0.16353817207794905,0.20543847793908215,0.013055879341205215,0.022895098932025126,0.21937671507341669,1255.1813895442199
70.0,77.900000000000006,P,925.0,2013-11-21,2011-01-24,1290.5899999999999,0.27079566820204759,0.28521952548950863,0.27800759684577814,0.7960187270668877,0.013055879341205215,0.022895098932025126,0.21937671507341669,1255.1813895442199
75.5,83.200000000000003,P,950.0,2013-11-21,2011-01-24,1290.5899999999999,0.26607064600052838,0.27954145279907866,0.27280604939980352,0.77493222083130364,0.013055879341205215,0.022895098932025126,0.21937671507341669,1255.1813895442199
81.299999999999997,89.0,P,975.0,2013-11-21,2011-01-24,1290.5899999999999,0.26140244169161431,0.2743300581816307,0.2678662499366225,0.75325599832385004,0.013055879341205215,0.022895098932025126,0.21937671507341669,1255.1813895442199
87.5,95.200000000000003,P,1000.0,2013-11-21,2011-01-24,1290.5899999999999,0.25691991521102153,0.26934935476540572,0.26313463498821366,0.73109802680286495,0.013055879341205215,0.022895098932025126,0.21937671507341669,1255.1813895442199
94.099999999999994,101.8,P,1025.0,2013-11-21,2011-01-24,1290.5899999999999,0.25258551949984825,0.26456968359503091,0.25857760154743958,0.70856508849299971,0.013055879341205215,0.022895098932025126,0.21937671507341669,1255.1813895442199
101.0,108.7,P,1050.0,2013-11-21,2011-01-24,1290.5899999999999,0.24821461323316316,0.25979672644617974,0.25400566983967143,0.6857613610488843,0.013055879341205215,0.022895098932025126,0.21937671507341669,1255.1813895442199
108.2,115.90000000000001,P,1075.0,2013-11-21,2011-01-24,1290.5899999999999,0.24379868062984114,0.25502415999212691,0.24941142031098401,0.66278722527709077,0.013055879341205215,0.022895098932025126,0.21937671507341669,1255.1813895442199
115.90000000000001,123.59999999999999,P,1100.0,2013-11-21,2011-01-24,1290.5899999999999,0.23961279844626698,0.25050148156323532,0.24505714000475115,0.63973829355678236,0.013055879341205215,0.022895098932025126,0.21937671507341669,1255.1813895442199
123.90000000000001,131.59999999999999,P,1125.0,2013-11-21,2011-01-24,1290.5899999999999,0.23533011789051086,0.24593835704304673,0.24063423746677881,0.61670464705249617,0.013055879341205215,0.022895098932025126,0.21937671507341669,1255.1813895442199
132.5,140.09999999999999,P,1150.0,2013-11-21,2011-01-24,1290.5899999999999,0.23134369475003458,0.24157564776333712,0.23645967125668585,0.59377026605242711,0.013055879341205215,0.022895098932025126,0.21937671507341669,1255.1813895442199
141.30000000000001,149.0,P,1175.0,2013-11-21,2011-01-24,1290.5899999999999,0.22710528885549675,0.23724461435101674,0.23217495160325674,0.57101263535489166,0.013055879341205215,0.022895098932025126,0.21937671507341669,1255.1813895442199
150.69999999999999,158.40000000000001,P,1200.0,2013-11-21,2011-01-24,1290.5899999999999,0.22312075257220559,0.23307430384526559,0.22809752820873558,0.54850250532909517,0.013055879341205215,0.022895098932025126,0.21937671507341669,1255.1813895442199
160.59999999999999,168.30000000000001,P,1225.0,2013-11-21,2011-01-24,1290.5899999999999,0.21922693850430136,0.22902309775423121,0.22412501812926627,0.52630378887242413,0.013055879341205215,0.022895098932025126,0.21937671507341669,1255.1813895442199
171.0,178.59999999999999,P,1250.0,2013-11-21,2011-01-24,1290.5899999999999,0.21540222272923862,0.22495380224964084,0.22017801248943975,0.50447357477456978,0.013055879341205215,0.022895098932025126,0.21937671507341669,1255.1813895442199
